{"cameraMode":{"drawMode":0,"name":"Shaded","section":"Shading Mode"},"sceneLighting":false,"audioPlay":false,"sceneViewState":{"showFog":true,"showMaterialUpdate":false,"showSkybox":true,"showFlares":true,"showImageEffects":true,"showParticleSystems":true,"showVisualEffectGraphs":true,"m_FxEnabled":true},"in2DMode":false,"pivot":{"x":16.895015716552736,"y":2.386354446411133,"z":3.8697776794433595},"rotation":{"x":0.20313075184822083,"y":0.40867942571640017,"z":-0.09384161233901978,"w":0.8851710557937622},"size":8.685901641845704,"orthographic":false}