{"cameraMode":{"drawMode":0,"name":"Shaded","section":"Shading Mode"},"sceneLighting":false,"audioPlay":false,"sceneViewState":{"showFog":true,"showMaterialUpdate":false,"showSkybox":false,"showFlares":true,"showImageEffects":true,"showParticleSystems":true,"showVisualEffectGraphs":true,"m_FxEnabled":true},"in2DMode":false,"pivot":{"x":11.206725120544434,"y":2.0986218452453615,"z":12.429792404174805},"rotation":{"x":0.028951464220881463,"y":0.12103597074747086,"z":-0.005527597386389971,"w":0.9927043318748474},"size":3.1993966102600099,"orthographic":false}