{"cameraMode":{"drawMode":0,"name":"Shaded","section":"Shading Mode"},"sceneLighting":false,"audioPlay":false,"sceneViewState":{"showFog":true,"showMaterialUpdate":false,"showSkybox":false,"showFlares":true,"showImageEffects":true,"showParticleSystems":true,"showVisualEffectGraphs":true,"m_FxEnabled":true},"in2DMode":false,"pivot":{"x":468.6270751953125,"y":416.91033935546877,"z":-295.95172119140627},"rotation":{"x":0.006441605277359486,"y":-0.981886088848114,"z":0.19051317870616914,"w":0.020921917632222177},"size":895.7030639648438,"orthographic":false}