{"cameraMode":{"drawMode":0,"name":"Shaded","section":"Shading Mode"},"sceneLighting":false,"audioPlay":false,"sceneViewState":{"showFog":true,"showMaterialUpdate":false,"showSkybox":false,"showFlares":true,"showImageEffects":true,"showParticleSystems":true,"showVisualEffectGraphs":true,"m_FxEnabled":true},"in2DMode":false,"pivot":{"x":-0.2501145601272583,"y":-0.11737450957298279,"z":-0.005625180434435606},"rotation":{"x":0.2958909273147583,"y":-0.6305074691772461,"z":0.27843186259269717,"w":0.6620104908943176},"size":0.5026124715805054,"orthographic":false}