{"cameraMode":{"drawMode":0,"name":"Shaded","section":"Shading Mode"},"sceneLighting":false,"audioPlay":false,"sceneViewState":{"showFog":true,"showMaterialUpdate":false,"showSkybox":false,"showFlares":true,"showImageEffects":true,"showParticleSystems":true,"showVisualEffectGraphs":true,"m_FxEnabled":true},"in2DMode":false,"pivot":{"x":4.050000190734863,"y":1.3499999046325684,"z":23.740001678466798},"rotation":{"x":-0.26193147897720339,"y":0.0039291540160775188,"z":0.0012049868237227202,"w":-0.9655324220657349},"size":2.050999641418457,"orthographic":false}