{"cameraMode":{"drawMode":0,"name":"Shaded","section":"Shading Mode"},"sceneLighting":false,"audioPlay":false,"sceneViewState":{"showFog":true,"showMaterialUpdate":false,"showSkybox":false,"showFlares":true,"showImageEffects":true,"showParticleSystems":true,"showVisualEffectGraphs":true,"m_FxEnabled":true},"in2DMode":false,"pivot":{"x":-0.26735028624534609,"y":-0.24181188642978669,"z":0.4228590726852417},"rotation":{"x":-0.22373035550117494,"y":0.3029703199863434,"z":-0.07247176766395569,"w":-0.9239720106124878},"size":0.47320520877838137,"orthographic":false}