{"cameraMode":{"drawMode":0,"name":"Shaded","section":"Shading Mode"},"sceneLighting":false,"audioPlay":false,"sceneViewState":{"showFog":true,"showMaterialUpdate":false,"showSkybox":false,"showFlares":true,"showImageEffects":true,"showParticleSystems":true,"showVisualEffectGraphs":true,"m_FxEnabled":true},"in2DMode":false,"pivot":{"x":568.7601318359375,"y":593.2999877929688,"z":0.00000286102294921875},"rotation":{"x":-0.44558602571487429,"y":0.5169904232025147,"z":-0.3628963232040405,"w":-0.6348538398742676},"size":35.35533905029297,"orthographic":false}